Start_Name,Start_Lat,Start_Lon,End_Name,End_Lat,End_Lon,Traffic_Condition,Distance_km,Travel_Time_Mobil_min,Travel_Time_Motor_min
Stasiun Gubeng,-7.257472,112.752088,Tunjungan Plaza,-7.266735,112.736115,lancar,4.515519000000001,5.418622800000001,4.515519000000001
Stasiun Gubeng,-7.257472,112.752088,Tunjungan Plaza,-7.266735,112.736115,sedang,4.515519000000001,9.031038000000002,6.773278500000002
Stasiun Gubeng,-7.257472,112.752088,Tunjungan Plaza,-7.266735,112.736115,macet,4.515519000000001,18.062076000000005,13.546557000000004
Stasiun Gubeng,-7.257472,112.752088,Kebun Binatang Surabaya,-7.290215,112.735337,lancar,5.263302999999997,6.315963599999996,5.263302999999997
Stasiun Gubeng,-7.257472,112.752088,Kebun Binatang Surabaya,-7.290215,112.735337,sedang,5.263302999999997,10.526605999999994,7.894954499999995
Stasiun Gubeng,-7.257472,112.752088,Kebun Binatang Surabaya,-7.290215,112.735337,macet,5.263302999999997,21.053211999999988,15.78990899999999
Stasiun Gubeng,-7.257472,112.752088,Surabaya Town Square,-7.290116,112.734558,lancar,5.263302999999997,6.315963599999996,5.263302999999997
Stasiun Gubeng,-7.257472,112.752088,Surabaya Town Square,-7.290116,112.734558,sedang,5.263302999999997,10.526605999999994,7.894954499999995
Stasiun Gubeng,-7.257472,112.752088,Surabaya Town Square,-7.290116,112.734558,macet,5.263302999999997,21.053211999999988,15.78990899999999
Stasiun Gubeng,-7.257472,112.752088,Grand City Mall,-7.261414,112.751639,lancar,1.003337,1.2040044,1.003337
Stasiun Gubeng,-7.257472,112.752088,Grand City Mall,-7.261414,112.751639,sedang,1.003337,2.006674,1.5050055
Stasiun Gubeng,-7.257472,112.752088,Grand City Mall,-7.261414,112.751639,macet,1.003337,4.013348,3.010011
Stasiun Gubeng,-7.257472,112.752088,Terminal Bungurasih,-7.345473,112.742177,lancar,12.026859000000002,14.432230800000003,12.026859000000002
Stasiun Gubeng,-7.257472,112.752088,Terminal Bungurasih,-7.345473,112.742177,sedang,12.026859000000002,24.053718000000003,18.040288500000003
Stasiun Gubeng,-7.257472,112.752088,Terminal Bungurasih,-7.345473,112.742177,macet,12.026859000000002,48.10743600000001,36.080577000000005
Stasiun Gubeng,-7.257472,112.752088,Pelabuhan Tanjung Perak,-7.203854,112.723741,lancar,7.748155999999997,9.297787199999997,7.748155999999997
Stasiun Gubeng,-7.257472,112.752088,Pelabuhan Tanjung Perak,-7.203854,112.723741,sedang,7.748155999999997,15.496311999999994,11.622233999999995
Stasiun Gubeng,-7.257472,112.752088,Pelabuhan Tanjung Perak,-7.203854,112.723741,macet,7.748155999999997,30.99262399999999,23.24446799999999
Stasiun Gubeng,-7.257472,112.752088,Galaxy Mall,-7.273925,112.779602,lancar,5.495110999999999,6.594133199999999,5.495110999999999
Stasiun Gubeng,-7.257472,112.752088,Galaxy Mall,-7.273925,112.779602,sedang,5.495110999999999,10.990221999999997,8.242666499999999
Stasiun Gubeng,-7.257472,112.752088,Galaxy Mall,-7.273925,112.779602,macet,5.495110999999999,21.980443999999995,16.485332999999997
Stasiun Gubeng,-7.257472,112.752088,Pakuwon Mall,-7.291418,112.677844,lancar,12.127574999999998,14.55309,12.127574999999998
Stasiun Gubeng,-7.257472,112.752088,Pakuwon Mall,-7.291418,112.677844,sedang,12.127574999999998,24.255149999999997,18.1913625
Stasiun Gubeng,-7.257472,112.752088,Pakuwon Mall,-7.291418,112.677844,macet,12.127574999999998,48.510299999999994,36.382725
Stasiun Gubeng,-7.257472,112.752088,Stadion Gelora Bung Tomo,-7.268027,112.63066,lancar,16.243546000000002,19.492255200000002,16.243546000000002
Stasiun Gubeng,-7.257472,112.752088,Stadion Gelora Bung Tomo,-7.268027,112.63066,sedang,16.243546000000002,32.487092000000004,24.365319000000003
Stasiun Gubeng,-7.257472,112.752088,Stadion Gelora Bung Tomo,-7.268027,112.63066,macet,16.243546000000002,64.97418400000001,48.730638000000006
Tunjungan Plaza,-7.266735,112.736115,Stasiun Gubeng,-7.257472,112.752088,lancar,3.726606999999999,4.471928399999999,3.726606999999999
Tunjungan Plaza,-7.266735,112.736115,Stasiun Gubeng,-7.257472,112.752088,sedang,3.726606999999999,7.453213999999998,5.5899104999999984
Tunjungan Plaza,-7.266735,112.736115,Stasiun Gubeng,-7.257472,112.752088,macet,3.726606999999999,14.906427999999996,11.179820999999997
Tunjungan Plaza,-7.266735,112.736115,Kebun Binatang Surabaya,-7.290215,112.735337,lancar,3.590794999999999,4.308953999999999,3.590794999999999
Tunjungan Plaza,-7.266735,112.736115,Kebun Binatang Surabaya,-7.290215,112.735337,sedang,3.590794999999999,7.181589999999998,5.386192499999998
Tunjungan Plaza,-7.266735,112.736115,Kebun Binatang Surabaya,-7.290215,112.735337,macet,3.590794999999999,14.363179999999996,10.772384999999996
Tunjungan Plaza,-7.266735,112.736115,Surabaya Town Square,-7.290116,112.734558,lancar,3.590794999999999,4.308953999999999,3.590794999999999
Tunjungan Plaza,-7.266735,112.736115,Surabaya Town Square,-7.290116,112.734558,sedang,3.590794999999999,7.181589999999998,5.386192499999998
Tunjungan Plaza,-7.266735,112.736115,Surabaya Town Square,-7.290116,112.734558,macet,3.590794999999999,14.363179999999996,10.772384999999996
Tunjungan Plaza,-7.266735,112.736115,Grand City Mall,-7.261414,112.751639,lancar,3.946365999999999,4.735639199999999,3.946365999999999
Tunjungan Plaza,-7.266735,112.736115,Grand City Mall,-7.261414,112.751639,sedang,3.946365999999999,7.892731999999998,5.919548999999998
Tunjungan Plaza,-7.266735,112.736115,Grand City Mall,-7.261414,112.751639,macet,3.946365999999999,15.785463999999996,11.839097999999996
Tunjungan Plaza,-7.266735,112.736115,Terminal Bungurasih,-7.345473,112.742177,lancar,10.489434000000003,12.587320800000004,10.489434000000003
Tunjungan Plaza,-7.266735,112.736115,Terminal Bungurasih,-7.345473,112.742177,sedang,10.489434000000003,20.978868000000006,15.734151000000002
Tunjungan Plaza,-7.266735,112.736115,Terminal Bungurasih,-7.345473,112.742177,macet,10.489434000000003,41.95773600000001,31.468302000000005
Tunjungan Plaza,-7.266735,112.736115,Pelabuhan Tanjung Perak,-7.203854,112.723741,lancar,8.126012999999995,9.751215599999993,8.126012999999995
Tunjungan Plaza,-7.266735,112.736115,Pelabuhan Tanjung Perak,-7.203854,112.723741,sedang,8.126012999999995,16.25202599999999,12.189019499999993
Tunjungan Plaza,-7.266735,112.736115,Pelabuhan Tanjung Perak,-7.203854,112.723741,macet,8.126012999999995,32.50405199999998,24.378038999999987
Tunjungan Plaza,-7.266735,112.736115,Galaxy Mall,-7.273925,112.779602,lancar,7.088038999999998,8.5056468,7.088038999999998
Tunjungan Plaza,-7.266735,112.736115,Galaxy Mall,-7.273925,112.779602,sedang,7.088038999999998,14.176077999999997,10.632058499999998
Tunjungan Plaza,-7.266735,112.736115,Galaxy Mall,-7.273925,112.779602,macet,7.088038999999998,28.352155999999994,21.264116999999995
Tunjungan Plaza,-7.266735,112.736115,Pakuwon Mall,-7.291418,112.677844,lancar,9.133016999999999,10.959620399999999,9.133016999999999
Tunjungan Plaza,-7.266735,112.736115,Pakuwon Mall,-7.291418,112.677844,sedang,9.133016999999999,18.266033999999998,13.699525499999998
Tunjungan Plaza,-7.266735,112.736115,Pakuwon Mall,-7.291418,112.677844,macet,9.133016999999999,36.532067999999995,27.399050999999996
Tunjungan Plaza,-7.266735,112.736115,Stadion Gelora Bung Tomo,-7.268027,112.63066,lancar,13.811392999999997,16.573671599999997,13.811392999999997
Tunjungan Plaza,-7.266735,112.736115,Stadion Gelora Bung Tomo,-7.268027,112.63066,sedang,13.811392999999997,27.622785999999994,20.717089499999993
Tunjungan Plaza,-7.266735,112.736115,Stadion Gelora Bung Tomo,-7.268027,112.63066,macet,13.811392999999997,55.24557199999999,41.434178999999986
Kebun Binatang Surabaya,-7.290215,112.735337,Stasiun Gubeng,-7.257472,112.752088,lancar,5.041483000000001,6.049779600000002,5.041483000000001
Kebun Binatang Surabaya,-7.290215,112.735337,Stasiun Gubeng,-7.257472,112.752088,sedang,5.041483000000001,10.082966000000003,7.562224500000002
Kebun Binatang Surabaya,-7.290215,112.735337,Stasiun Gubeng,-7.257472,112.752088,macet,5.041483000000001,20.165932000000005,15.124449000000004
Kebun Binatang Surabaya,-7.290215,112.735337,Tunjungan Plaza,-7.266735,112.736115,lancar,3.253483000000001,3.904179600000001,3.253483000000001
Kebun Binatang Surabaya,-7.290215,112.735337,Tunjungan Plaza,-7.266735,112.736115,sedang,3.253483000000001,6.506966000000002,4.8802245000000015
Kebun Binatang Surabaya,-7.290215,112.735337,Tunjungan Plaza,-7.266735,112.736115,macet,3.253483000000001,13.013932000000004,9.760449000000003
Kebun Binatang Surabaya,-7.290215,112.735337,Grand City Mall,-7.261414,112.751639,lancar,5.261242,6.3134904,5.261242
Kebun Binatang Surabaya,-7.290215,112.735337,Grand City Mall,-7.261414,112.751639,sedang,5.261242,10.522484,7.891863000000001
Kebun Binatang Surabaya,-7.290215,112.735337,Grand City Mall,-7.261414,112.751639,macet,5.261242,21.044968,15.783726000000001
Kebun Binatang Surabaya,-7.290215,112.735337,Terminal Bungurasih,-7.345473,112.742177,lancar,7.408260999999999,8.889913199999999,7.408260999999999
Kebun Binatang Surabaya,-7.290215,112.735337,Terminal Bungurasih,-7.345473,112.742177,sedang,7.408260999999999,14.816521999999997,11.112391499999998
Kebun Binatang Surabaya,-7.290215,112.735337,Terminal Bungurasih,-7.345473,112.742177,macet,7.408260999999999,29.633043999999995,22.224782999999995
Kebun Binatang Surabaya,-7.290215,112.735337,Pelabuhan Tanjung Perak,-7.203854,112.723741,lancar,10.532428000000003,12.638913600000004,10.532428000000003
Kebun Binatang Surabaya,-7.290215,112.735337,Pelabuhan Tanjung Perak,-7.203854,112.723741,sedang,10.532428000000003,21.064856000000006,15.798642000000005
Kebun Binatang Surabaya,-7.290215,112.735337,Pelabuhan Tanjung Perak,-7.203854,112.723741,macet,10.532428000000003,42.12971200000001,31.59728400000001
Kebun Binatang Surabaya,-7.290215,112.735337,Galaxy Mall,-7.273925,112.779602,lancar,7.137269999999999,8.564724,7.137269999999999
Kebun Binatang Surabaya,-7.290215,112.735337,Galaxy Mall,-7.273925,112.779602,sedang,7.137269999999999,14.274539999999998,10.705904999999998
Kebun Binatang Surabaya,-7.290215,112.735337,Galaxy Mall,-7.273925,112.779602,macet,7.137269999999999,28.549079999999996,21.411809999999996
Kebun Binatang Surabaya,-7.290215,112.735337,Pakuwon Mall,-7.291418,112.677844,lancar,7.375101,8.8501212,7.375101
Kebun Binatang Surabaya,-7.290215,112.735337,Pakuwon Mall,-7.291418,112.677844,sedang,7.375101,14.750202,11.0626515
Kebun Binatang Surabaya,-7.290215,112.735337,Pakuwon Mall,-7.291418,112.677844,macet,7.375101,29.500404,22.125303
Kebun Binatang Surabaya,-7.290215,112.735337,Stadion Gelora Bung Tomo,-7.268027,112.63066,lancar,12.942092,15.530510399999999,12.942092
Kebun Binatang Surabaya,-7.290215,112.735337,Stadion Gelora Bung Tomo,-7.268027,112.63066,sedang,12.942092,25.884184,19.413138
Kebun Binatang Surabaya,-7.290215,112.735337,Stadion Gelora Bung Tomo,-7.268027,112.63066,macet,12.942092,51.768368,38.826276
Surabaya Town Square,-7.290116,112.734558,Stasiun Gubeng,-7.257472,112.752088,lancar,5.041483000000001,6.049779600000002,5.041483000000001
Surabaya Town Square,-7.290116,112.734558,Stasiun Gubeng,-7.257472,112.752088,sedang,5.041483000000001,10.082966000000003,7.562224500000002
Surabaya Town Square,-7.290116,112.734558,Stasiun Gubeng,-7.257472,112.752088,macet,5.041483000000001,20.165932000000005,15.124449000000004
Surabaya Town Square,-7.290116,112.734558,Tunjungan Plaza,-7.266735,112.736115,lancar,3.253483000000001,3.904179600000001,3.253483000000001
Surabaya Town Square,-7.290116,112.734558,Tunjungan Plaza,-7.266735,112.736115,sedang,3.253483000000001,6.506966000000002,4.8802245000000015
Surabaya Town Square,-7.290116,112.734558,Tunjungan Plaza,-7.266735,112.736115,macet,3.253483000000001,13.013932000000004,9.760449000000003
Surabaya Town Square,-7.290116,112.734558,Grand City Mall,-7.261414,112.751639,lancar,5.261242,6.3134904,5.261242
Surabaya Town Square,-7.290116,112.734558,Grand City Mall,-7.261414,112.751639,sedang,5.261242,10.522484,7.891863000000001
Surabaya Town Square,-7.290116,112.734558,Grand City Mall,-7.261414,112.751639,macet,5.261242,21.044968,15.783726000000001
Surabaya Town Square,-7.290116,112.734558,Terminal Bungurasih,-7.345473,112.742177,lancar,7.408260999999999,8.889913199999999,7.408260999999999
Surabaya Town Square,-7.290116,112.734558,Terminal Bungurasih,-7.345473,112.742177,sedang,7.408260999999999,14.816521999999997,11.112391499999998
Surabaya Town Square,-7.290116,112.734558,Terminal Bungurasih,-7.345473,112.742177,macet,7.408260999999999,29.633043999999995,22.224782999999995
Surabaya Town Square,-7.290116,112.734558,Pelabuhan Tanjung Perak,-7.203854,112.723741,lancar,10.532428000000003,12.638913600000004,10.532428000000003
Surabaya Town Square,-7.290116,112.734558,Pelabuhan Tanjung Perak,-7.203854,112.723741,sedang,10.532428000000003,21.064856000000006,15.798642000000005
Surabaya Town Square,-7.290116,112.734558,Pelabuhan Tanjung Perak,-7.203854,112.723741,macet,10.532428000000003,42.12971200000001,31.59728400000001
Surabaya Town Square,-7.290116,112.734558,Galaxy Mall,-7.273925,112.779602,lancar,7.137269999999999,8.564724,7.137269999999999
Surabaya Town Square,-7.290116,112.734558,Galaxy Mall,-7.273925,112.779602,sedang,7.137269999999999,14.274539999999998,10.705904999999998
Surabaya Town Square,-7.290116,112.734558,Galaxy Mall,-7.273925,112.779602,macet,7.137269999999999,28.549079999999996,21.411809999999996
Surabaya Town Square,-7.290116,112.734558,Pakuwon Mall,-7.291418,112.677844,lancar,7.375101,8.8501212,7.375101
Surabaya Town Square,-7.290116,112.734558,Pakuwon Mall,-7.291418,112.677844,sedang,7.375101,14.750202,11.0626515
Surabaya Town Square,-7.290116,112.734558,Pakuwon Mall,-7.291418,112.677844,macet,7.375101,29.500404,22.125303
Surabaya Town Square,-7.290116,112.734558,Stadion Gelora Bung Tomo,-7.268027,112.63066,lancar,12.942092,15.530510399999999,12.942092
Surabaya Town Square,-7.290116,112.734558,Stadion Gelora Bung Tomo,-7.268027,112.63066,sedang,12.942092,25.884184,19.413138
Surabaya Town Square,-7.290116,112.734558,Stadion Gelora Bung Tomo,-7.268027,112.63066,macet,12.942092,51.768368,38.826276
Grand City Mall,-7.261414,112.751639,Stasiun Gubeng,-7.257472,112.752088,lancar,1.054908,1.2658896,1.054908
Grand City Mall,-7.261414,112.751639,Stasiun Gubeng,-7.257472,112.752088,sedang,1.054908,2.109816,1.5823619999999998
Grand City Mall,-7.261414,112.751639,Stasiun Gubeng,-7.257472,112.752088,macet,1.054908,4.219632,3.1647239999999996
Grand City Mall,-7.261414,112.751639,Tunjungan Plaza,-7.266735,112.736115,lancar,3.5121820000000006,4.214618400000001,3.5121820000000006
Grand City Mall,-7.261414,112.751639,Tunjungan Plaza,-7.266735,112.736115,sedang,3.5121820000000006,7.024364000000001,5.268273000000001
Grand City Mall,-7.261414,112.751639,Tunjungan Plaza,-7.266735,112.736115,macet,3.5121820000000006,14.048728000000002,10.536546000000001
Grand City Mall,-7.261414,112.751639,Kebun Binatang Surabaya,-7.290215,112.735337,lancar,4.259966,5.1119592,4.259966
Grand City Mall,-7.261414,112.751639,Kebun Binatang Surabaya,-7.290215,112.735337,sedang,4.259966,8.519932,6.3899490000000005
Grand City Mall,-7.261414,112.751639,Kebun Binatang Surabaya,-7.290215,112.735337,macet,4.259966,17.039864,12.779898000000001
Grand City Mall,-7.261414,112.751639,Surabaya Town Square,-7.290116,112.734558,lancar,4.259966,5.1119592,4.259966
Grand City Mall,-7.261414,112.751639,Surabaya Town Square,-7.290116,112.734558,sedang,4.259966,8.519932,6.3899490000000005
Grand City Mall,-7.261414,112.751639,Surabaya Town Square,-7.290116,112.734558,macet,4.259966,17.039864,12.779898000000001
Grand City Mall,-7.261414,112.751639,Terminal Bungurasih,-7.345473,112.742177,lancar,11.023522000000003,13.228226400000004,11.023522000000003
Grand City Mall,-7.261414,112.751639,Terminal Bungurasih,-7.345473,112.742177,sedang,11.023522000000003,22.047044000000007,16.535283000000007
Grand City Mall,-7.261414,112.751639,Terminal Bungurasih,-7.345473,112.742177,macet,11.023522000000003,44.09408800000001,33.070566000000014
Grand City Mall,-7.261414,112.751639,Pelabuhan Tanjung Perak,-7.203854,112.723741,lancar,8.314162999999997,9.976995599999995,8.314162999999997
Grand City Mall,-7.261414,112.751639,Pelabuhan Tanjung Perak,-7.203854,112.723741,sedang,8.314162999999997,16.628325999999994,12.471244499999996
Grand City Mall,-7.261414,112.751639,Pelabuhan Tanjung Perak,-7.203854,112.723741,macet,8.314162999999997,33.25665199999999,24.94248899999999
Grand City Mall,-7.261414,112.751639,Galaxy Mall,-7.273925,112.779602,lancar,5.113764999999999,6.136517999999999,5.113764999999999
Grand City Mall,-7.261414,112.751639,Galaxy Mall,-7.273925,112.779602,sedang,5.113764999999999,10.227529999999998,7.6706474999999985
Grand City Mall,-7.261414,112.751639,Galaxy Mall,-7.273925,112.779602,macet,5.113764999999999,20.455059999999996,15.341294999999997
Grand City Mall,-7.261414,112.751639,Pakuwon Mall,-7.291418,112.677844,lancar,11.124238000000002,13.349085600000002,11.124238000000002
Grand City Mall,-7.261414,112.751639,Pakuwon Mall,-7.291418,112.677844,sedang,11.124238000000002,22.248476000000004,16.686357
Grand City Mall,-7.261414,112.751639,Pakuwon Mall,-7.291418,112.677844,macet,11.124238000000002,44.49695200000001,33.372714
Grand City Mall,-7.261414,112.751639,Stadion Gelora Bung Tomo,-7.268027,112.63066,lancar,16.037046999999998,19.244456399999997,16.037046999999998
Grand City Mall,-7.261414,112.751639,Stadion Gelora Bung Tomo,-7.268027,112.63066,sedang,16.037046999999998,32.074093999999995,24.055570499999995
Grand City Mall,-7.261414,112.751639,Stadion Gelora Bung Tomo,-7.268027,112.63066,macet,16.037046999999998,64.14818799999999,48.11114099999999
Terminal Bungurasih,-7.345473,112.742177,Stasiun Gubeng,-7.257472,112.752088,lancar,12.568523000000003,15.082227600000005,12.568523000000003
Terminal Bungurasih,-7.345473,112.742177,Stasiun Gubeng,-7.257472,112.752088,sedang,12.568523000000003,25.137046000000005,18.852784500000006
Terminal Bungurasih,-7.345473,112.742177,Stasiun Gubeng,-7.257472,112.752088,macet,12.568523000000003,50.27409200000001,37.70556900000001
Terminal Bungurasih,-7.345473,112.742177,Tunjungan Plaza,-7.266735,112.736115,lancar,11.036758000000004,13.244109600000005,11.036758000000004
Terminal Bungurasih,-7.345473,112.742177,Tunjungan Plaza,-7.266735,112.736115,sedang,11.036758000000004,22.07351600000001,16.555137000000006
Terminal Bungurasih,-7.345473,112.742177,Tunjungan Plaza,-7.266735,112.736115,macet,11.036758000000004,44.14703200000002,33.11027400000001
Terminal Bungurasih,-7.345473,112.742177,Kebun Binatang Surabaya,-7.290215,112.735337,lancar,8.122460000000002,9.746952000000002,8.122460000000002
Terminal Bungurasih,-7.345473,112.742177,Kebun Binatang Surabaya,-7.290215,112.735337,sedang,8.122460000000002,16.244920000000004,12.183690000000004
Terminal Bungurasih,-7.345473,112.742177,Kebun Binatang Surabaya,-7.290215,112.735337,macet,8.122460000000002,32.48984000000001,24.367380000000008
Terminal Bungurasih,-7.345473,112.742177,Surabaya Town Square,-7.290116,112.734558,lancar,8.122460000000002,9.746952000000002,8.122460000000002
Terminal Bungurasih,-7.345473,112.742177,Surabaya Town Square,-7.290116,112.734558,sedang,8.122460000000002,16.244920000000004,12.183690000000004
Terminal Bungurasih,-7.345473,112.742177,Surabaya Town Square,-7.290116,112.734558,macet,8.122460000000002,32.48984000000001,24.367380000000008
Terminal Bungurasih,-7.345473,112.742177,Grand City Mall,-7.261414,112.751639,lancar,12.788282000000002,15.345938400000005,12.788282000000002
Terminal Bungurasih,-7.345473,112.742177,Grand City Mall,-7.261414,112.751639,sedang,12.788282000000002,25.576564000000005,19.182423000000004
Terminal Bungurasih,-7.345473,112.742177,Grand City Mall,-7.261414,112.751639,macet,12.788282000000002,51.15312800000001,38.36484600000001
Terminal Bungurasih,-7.345473,112.742177,Pelabuhan Tanjung Perak,-7.203854,112.723741,lancar,18.439354999999992,22.12722599999999,18.439354999999992
Terminal Bungurasih,-7.345473,112.742177,Pelabuhan Tanjung Perak,-7.203854,112.723741,sedang,18.439354999999992,36.878709999999984,27.659032499999988
Terminal Bungurasih,-7.345473,112.742177,Pelabuhan Tanjung Perak,-7.203854,112.723741,macet,18.439354999999992,73.75741999999997,55.318064999999976
Terminal Bungurasih,-7.345473,112.742177,Galaxy Mall,-7.273925,112.779602,lancar,12.213359,14.6560308,12.213359
Terminal Bungurasih,-7.345473,112.742177,Galaxy Mall,-7.273925,112.779602,sedang,12.213359,24.426718,18.320038500000003
Terminal Bungurasih,-7.345473,112.742177,Galaxy Mall,-7.273925,112.779602,macet,12.213359,48.853436,36.640077000000005
Terminal Bungurasih,-7.345473,112.742177,Pakuwon Mall,-7.291418,112.677844,lancar,14.249109000000004,17.098930800000005,14.249109000000004
Terminal Bungurasih,-7.345473,112.742177,Pakuwon Mall,-7.291418,112.677844,sedang,14.249109000000004,28.49821800000001,21.373663500000006
Terminal Bungurasih,-7.345473,112.742177,Pakuwon Mall,-7.291418,112.677844,macet,14.249109000000004,56.99643600000002,42.74732700000001
Terminal Bungurasih,-7.345473,112.742177,Stadion Gelora Bung Tomo,-7.268027,112.63066,lancar,19.816100000000006,23.779320000000006,19.816100000000006
Terminal Bungurasih,-7.345473,112.742177,Stadion Gelora Bung Tomo,-7.268027,112.63066,sedang,19.816100000000006,39.63220000000001,29.72415000000001
Terminal Bungurasih,-7.345473,112.742177,Stadion Gelora Bung Tomo,-7.268027,112.63066,macet,19.816100000000006,79.26440000000002,59.44830000000002
Pelabuhan Tanjung Perak,-7.203854,112.723741,Stasiun Gubeng,-7.257472,112.752088,lancar,8.108914999999998,9.730697999999999,8.108914999999998
Pelabuhan Tanjung Perak,-7.203854,112.723741,Stasiun Gubeng,-7.257472,112.752088,sedang,8.108914999999998,16.217829999999996,12.163372499999996
Pelabuhan Tanjung Perak,-7.203854,112.723741,Stasiun Gubeng,-7.257472,112.752088,macet,8.108914999999998,32.43565999999999,24.326744999999992
Pelabuhan Tanjung Perak,-7.203854,112.723741,Tunjungan Plaza,-7.266735,112.736115,lancar,9.333584000000002,11.200300800000003,9.333584000000002
Pelabuhan Tanjung Perak,-7.203854,112.723741,Tunjungan Plaza,-7.266735,112.736115,sedang,9.333584000000002,18.667168000000004,14.000376000000003
Pelabuhan Tanjung Perak,-7.203854,112.723741,Tunjungan Plaza,-7.266735,112.736115,macet,9.333584000000002,37.33433600000001,28.000752000000006
Pelabuhan Tanjung Perak,-7.203854,112.723741,Kebun Binatang Surabaya,-7.290215,112.735337,lancar,11.407579999999994,13.689095999999992,11.407579999999994
Pelabuhan Tanjung Perak,-7.203854,112.723741,Kebun Binatang Surabaya,-7.290215,112.735337,sedang,11.407579999999994,22.815159999999988,17.111369999999994
Pelabuhan Tanjung Perak,-7.203854,112.723741,Kebun Binatang Surabaya,-7.290215,112.735337,macet,11.407579999999994,45.630319999999976,34.22273999999999
Pelabuhan Tanjung Perak,-7.203854,112.723741,Surabaya Town Square,-7.290116,112.734558,lancar,11.407579999999994,13.689095999999992,11.407579999999994
Pelabuhan Tanjung Perak,-7.203854,112.723741,Surabaya Town Square,-7.290116,112.734558,sedang,11.407579999999994,22.815159999999988,17.111369999999994
Pelabuhan Tanjung Perak,-7.203854,112.723741,Surabaya Town Square,-7.290116,112.734558,macet,11.407579999999994,45.630319999999976,34.22273999999999
Pelabuhan Tanjung Perak,-7.203854,112.723741,Grand City Mall,-7.261414,112.751639,lancar,8.328673999999998,9.994408799999997,8.328673999999998
Pelabuhan Tanjung Perak,-7.203854,112.723741,Grand City Mall,-7.261414,112.751639,sedang,8.328673999999998,16.657347999999995,12.493010999999997
Pelabuhan Tanjung Perak,-7.203854,112.723741,Grand City Mall,-7.261414,112.751639,macet,8.328673999999998,33.31469599999999,24.986021999999995
Pelabuhan Tanjung Perak,-7.203854,112.723741,Terminal Bungurasih,-7.345473,112.742177,lancar,18.191251000000005,21.829501200000006,18.191251000000005
Pelabuhan Tanjung Perak,-7.203854,112.723741,Terminal Bungurasih,-7.345473,112.742177,sedang,18.191251000000005,36.38250200000001,27.286876500000005
Pelabuhan Tanjung Perak,-7.203854,112.723741,Terminal Bungurasih,-7.345473,112.742177,macet,18.191251000000005,72.76500400000002,54.57375300000001
Pelabuhan Tanjung Perak,-7.203854,112.723741,Galaxy Mall,-7.273925,112.779602,lancar,12.649303999999994,15.179164799999993,12.649303999999994
Pelabuhan Tanjung Perak,-7.203854,112.723741,Galaxy Mall,-7.273925,112.779602,sedang,12.649303999999994,25.298607999999987,18.97395599999999
Pelabuhan Tanjung Perak,-7.203854,112.723741,Galaxy Mall,-7.273925,112.779602,macet,12.649303999999994,50.597215999999975,37.94791199999998
Pelabuhan Tanjung Perak,-7.203854,112.723741,Pakuwon Mall,-7.291418,112.677844,lancar,12.637089999999999,15.164507999999998,12.637089999999999
Pelabuhan Tanjung Perak,-7.203854,112.723741,Pakuwon Mall,-7.291418,112.677844,sedang,12.637089999999999,25.274179999999998,18.955635
Pelabuhan Tanjung Perak,-7.203854,112.723741,Pakuwon Mall,-7.291418,112.677844,macet,12.637089999999999,50.548359999999995,37.91127
Pelabuhan Tanjung Perak,-7.203854,112.723741,Stadion Gelora Bung Tomo,-7.268027,112.63066,lancar,16.913815,20.296577999999997,16.913815
Pelabuhan Tanjung Perak,-7.203854,112.723741,Stadion Gelora Bung Tomo,-7.268027,112.63066,sedang,16.913815,33.82763,25.3707225
Pelabuhan Tanjung Perak,-7.203854,112.723741,Stadion Gelora Bung Tomo,-7.268027,112.63066,macet,16.913815,67.65526,50.741445
Galaxy Mall,-7.273925,112.779602,Stasiun Gubeng,-7.257472,112.752088,lancar,5.541822000000002,6.650186400000003,5.541822000000002
Galaxy Mall,-7.273925,112.779602,Stasiun Gubeng,-7.257472,112.752088,sedang,5.541822000000002,11.083644000000003,8.312733000000003
Galaxy Mall,-7.273925,112.779602,Stasiun Gubeng,-7.257472,112.752088,macet,5.541822000000002,22.167288000000006,16.625466000000007
Galaxy Mall,-7.273925,112.779602,Tunjungan Plaza,-7.266735,112.736115,lancar,7.1755049999999985,8.610605999999999,7.1755049999999985
Galaxy Mall,-7.273925,112.779602,Tunjungan Plaza,-7.266735,112.736115,sedang,7.1755049999999985,14.351009999999997,10.763257499999998
Galaxy Mall,-7.273925,112.779602,Tunjungan Plaza,-7.266735,112.736115,macet,7.1755049999999985,28.702019999999994,21.526514999999996
Galaxy Mall,-7.273925,112.779602,Kebun Binatang Surabaya,-7.290215,112.735337,lancar,7.149127999999995,8.578953599999993,7.149127999999995
Galaxy Mall,-7.273925,112.779602,Kebun Binatang Surabaya,-7.290215,112.735337,sedang,7.149127999999995,14.29825599999999,10.723691999999993
Galaxy Mall,-7.273925,112.779602,Kebun Binatang Surabaya,-7.290215,112.735337,macet,7.149127999999995,28.59651199999998,21.447383999999985
Galaxy Mall,-7.273925,112.779602,Surabaya Town Square,-7.290116,112.734558,lancar,7.149127999999995,8.578953599999993,7.149127999999995
Galaxy Mall,-7.273925,112.779602,Surabaya Town Square,-7.290116,112.734558,sedang,7.149127999999995,14.29825599999999,10.723691999999993
Galaxy Mall,-7.273925,112.779602,Surabaya Town Square,-7.290116,112.734558,macet,7.149127999999995,28.59651199999998,21.447383999999985
Galaxy Mall,-7.273925,112.779602,Grand City Mall,-7.261414,112.751639,lancar,5.761581000000001,6.913897200000002,5.761581000000001
Galaxy Mall,-7.273925,112.779602,Grand City Mall,-7.261414,112.751639,sedang,5.761581000000001,11.523162000000003,8.642371500000001
Galaxy Mall,-7.273925,112.779602,Grand City Mall,-7.261414,112.751639,macet,5.761581000000001,23.046324000000006,17.284743000000002
Galaxy Mall,-7.273925,112.779602,Terminal Bungurasih,-7.345473,112.742177,lancar,12.253129,14.7037548,12.253129
Galaxy Mall,-7.273925,112.779602,Terminal Bungurasih,-7.345473,112.742177,sedang,12.253129,24.506258,18.379693500000002
Galaxy Mall,-7.273925,112.779602,Terminal Bungurasih,-7.345473,112.742177,macet,12.253129,49.012516,36.759387000000004
Galaxy Mall,-7.273925,112.779602,Pelabuhan Tanjung Perak,-7.203854,112.723741,lancar,12.506400000000001,15.00768,12.506400000000001
Galaxy Mall,-7.273925,112.779602,Pelabuhan Tanjung Perak,-7.203854,112.723741,sedang,12.506400000000001,25.012800000000002,18.759600000000002
Galaxy Mall,-7.273925,112.779602,Pelabuhan Tanjung Perak,-7.203854,112.723741,macet,12.506400000000001,50.025600000000004,37.519200000000005
Galaxy Mall,-7.273925,112.779602,Pakuwon Mall,-7.291418,112.677844,lancar,14.013399999999994,16.816079999999992,14.013399999999994
Galaxy Mall,-7.273925,112.779602,Pakuwon Mall,-7.291418,112.677844,sedang,14.013399999999994,28.026799999999987,21.020099999999992
Galaxy Mall,-7.273925,112.779602,Pakuwon Mall,-7.291418,112.677844,macet,14.013399999999994,56.053599999999975,42.040199999999984
Galaxy Mall,-7.273925,112.779602,Stadion Gelora Bung Tomo,-7.268027,112.63066,lancar,18.926208999999993,22.711450799999994,18.926208999999993
Galaxy Mall,-7.273925,112.779602,Stadion Gelora Bung Tomo,-7.268027,112.63066,sedang,18.926208999999993,37.852417999999986,28.38931349999999
Galaxy Mall,-7.273925,112.779602,Stadion Gelora Bung Tomo,-7.268027,112.63066,macet,18.926208999999993,75.70483599999997,56.77862699999998
Pakuwon Mall,-7.291418,112.677844,Stasiun Gubeng,-7.257472,112.752088,lancar,12.86782300000001,15.441387600000013,12.86782300000001
Pakuwon Mall,-7.291418,112.677844,Stasiun Gubeng,-7.257472,112.752088,sedang,12.86782300000001,25.73564600000002,19.301734500000013
Pakuwon Mall,-7.291418,112.677844,Stasiun Gubeng,-7.257472,112.752088,macet,12.86782300000001,51.47129200000004,38.603469000000025
Pakuwon Mall,-7.291418,112.677844,Tunjungan Plaza,-7.266735,112.736115,lancar,9.991247000000003,11.989496400000004,9.991247000000003
Pakuwon Mall,-7.291418,112.677844,Tunjungan Plaza,-7.266735,112.736115,sedang,9.991247000000003,19.982494000000006,14.986870500000006
Pakuwon Mall,-7.291418,112.677844,Tunjungan Plaza,-7.266735,112.736115,macet,9.991247000000003,39.96498800000001,29.97374100000001
Pakuwon Mall,-7.291418,112.677844,Kebun Binatang Surabaya,-7.290215,112.735337,lancar,8.417018000000002,10.100421600000002,8.417018000000002
Pakuwon Mall,-7.291418,112.677844,Kebun Binatang Surabaya,-7.290215,112.735337,sedang,8.417018000000002,16.834036000000005,12.625527000000003
Pakuwon Mall,-7.291418,112.677844,Kebun Binatang Surabaya,-7.290215,112.735337,macet,8.417018000000002,33.66807200000001,25.251054000000007
Pakuwon Mall,-7.291418,112.677844,Surabaya Town Square,-7.290116,112.734558,lancar,8.417018000000002,10.100421600000002,8.417018000000002
Pakuwon Mall,-7.291418,112.677844,Surabaya Town Square,-7.290116,112.734558,sedang,8.417018000000002,16.834036000000005,12.625527000000003
Pakuwon Mall,-7.291418,112.677844,Surabaya Town Square,-7.290116,112.734558,macet,8.417018000000002,33.66807200000001,25.251054000000007
Pakuwon Mall,-7.291418,112.677844,Grand City Mall,-7.261414,112.751639,lancar,13.08758200000001,15.705098400000011,13.08758200000001
Pakuwon Mall,-7.291418,112.677844,Grand City Mall,-7.261414,112.751639,sedang,13.08758200000001,26.17516400000002,19.631373000000018
Pakuwon Mall,-7.291418,112.677844,Grand City Mall,-7.261414,112.751639,macet,13.08758200000001,52.35032800000004,39.262746000000035
Pakuwon Mall,-7.291418,112.677844,Terminal Bungurasih,-7.345473,112.742177,lancar,14.073849000000012,16.888618800000014,14.073849000000012
Pakuwon Mall,-7.291418,112.677844,Terminal Bungurasih,-7.345473,112.742177,sedang,14.073849000000012,28.147698000000023,21.11077350000002
Pakuwon Mall,-7.291418,112.677844,Terminal Bungurasih,-7.345473,112.742177,macet,14.073849000000012,56.295396000000046,42.22154700000004
Pakuwon Mall,-7.291418,112.677844,Pelabuhan Tanjung Perak,-7.203854,112.723741,lancar,13.636366999999998,16.363640399999998,13.636366999999998
Pakuwon Mall,-7.291418,112.677844,Pelabuhan Tanjung Perak,-7.203854,112.723741,sedang,13.636366999999998,27.272733999999996,20.454550499999996
Pakuwon Mall,-7.291418,112.677844,Pelabuhan Tanjung Perak,-7.203854,112.723741,macet,13.636366999999998,54.54546799999999,40.90910099999999
Pakuwon Mall,-7.291418,112.677844,Galaxy Mall,-7.273925,112.779602,lancar,15.373952,18.4487424,15.373952000000001
Pakuwon Mall,-7.291418,112.677844,Galaxy Mall,-7.273925,112.779602,sedang,15.373952,30.747904000000002,23.060928
Pakuwon Mall,-7.291418,112.677844,Galaxy Mall,-7.273925,112.779602,macet,15.373952,61.495808000000004,46.121856
Pakuwon Mall,-7.291418,112.677844,Stadion Gelora Bung Tomo,-7.268027,112.63066,lancar,6.981824,8.378188799999998,6.981824
Pakuwon Mall,-7.291418,112.677844,Stadion Gelora Bung Tomo,-7.268027,112.63066,sedang,6.981824,13.963648,10.472736
Pakuwon Mall,-7.291418,112.677844,Stadion Gelora Bung Tomo,-7.268027,112.63066,macet,6.981824,27.927296,20.945472
Stadion Gelora Bung Tomo,-7.268027,112.63066,Stasiun Gubeng,-7.257472,112.752088,lancar,15.53013400000001,18.63616080000001,15.530134000000007
Stadion Gelora Bung Tomo,-7.268027,112.63066,Stasiun Gubeng,-7.257472,112.752088,sedang,15.53013400000001,31.060268000000015,23.295201000000013
Stadion Gelora Bung Tomo,-7.268027,112.63066,Stasiun Gubeng,-7.257472,112.752088,macet,15.53013400000001,62.12053600000003,46.590402000000026
Stadion Gelora Bung Tomo,-7.268027,112.63066,Tunjungan Plaza,-7.266735,112.736115,lancar,13.68360400000001,16.420324800000014,13.68360400000001
Stadion Gelora Bung Tomo,-7.268027,112.63066,Tunjungan Plaza,-7.266735,112.736115,sedang,13.68360400000001,27.36720800000002,20.525406000000014
Stadion Gelora Bung Tomo,-7.268027,112.63066,Tunjungan Plaza,-7.266735,112.736115,macet,13.68360400000001,54.73441600000004,41.05081200000003
Stadion Gelora Bung Tomo,-7.268027,112.63066,Kebun Binatang Surabaya,-7.290215,112.735337,lancar,12.857356,15.4288272,12.857356
Stadion Gelora Bung Tomo,-7.268027,112.63066,Kebun Binatang Surabaya,-7.290215,112.735337,sedang,12.857356,25.714712,19.286034
Stadion Gelora Bung Tomo,-7.268027,112.63066,Kebun Binatang Surabaya,-7.290215,112.735337,macet,12.857356,51.429424,38.572068
Stadion Gelora Bung Tomo,-7.268027,112.63066,Surabaya Town Square,-7.290116,112.734558,lancar,12.857356,15.4288272,12.857356
Stadion Gelora Bung Tomo,-7.268027,112.63066,Surabaya Town Square,-7.290116,112.734558,sedang,12.857356,25.714712,19.286034
Stadion Gelora Bung Tomo,-7.268027,112.63066,Surabaya Town Square,-7.290116,112.734558,macet,12.857356,51.429424,38.572068
Stadion Gelora Bung Tomo,-7.268027,112.63066,Grand City Mall,-7.261414,112.751639,lancar,15.749893000000009,18.89987160000001,15.74989300000001
Stadion Gelora Bung Tomo,-7.268027,112.63066,Grand City Mall,-7.261414,112.751639,sedang,15.749893000000009,31.49978600000002,23.62483950000001
Stadion Gelora Bung Tomo,-7.268027,112.63066,Grand City Mall,-7.261414,112.751639,macet,15.749893000000009,62.99957200000004,47.24967900000002
Stadion Gelora Bung Tomo,-7.268027,112.63066,Terminal Bungurasih,-7.345473,112.742177,lancar,19.615806000000013,23.538967200000016,19.615806000000013
Stadion Gelora Bung Tomo,-7.268027,112.63066,Terminal Bungurasih,-7.345473,112.742177,sedang,19.615806000000013,39.23161200000003,29.42370900000002
Stadion Gelora Bung Tomo,-7.268027,112.63066,Terminal Bungurasih,-7.345473,112.742177,macet,19.615806000000013,78.46322400000005,58.84741800000004
Stadion Gelora Bung Tomo,-7.268027,112.63066,Pelabuhan Tanjung Perak,-7.203854,112.723741,lancar,16.865695000000002,20.238834000000004,16.865695000000002
Stadion Gelora Bung Tomo,-7.268027,112.63066,Pelabuhan Tanjung Perak,-7.203854,112.723741,sedang,16.865695000000002,33.731390000000005,25.298542500000003
Stadion Gelora Bung Tomo,-7.268027,112.63066,Pelabuhan Tanjung Perak,-7.203854,112.723741,macet,16.865695000000002,67.46278000000001,50.59708500000001
Stadion Gelora Bung Tomo,-7.268027,112.63066,Galaxy Mall,-7.273925,112.779602,lancar,19.412667,23.2952004,19.412667
Stadion Gelora Bung Tomo,-7.268027,112.63066,Galaxy Mall,-7.273925,112.779602,sedang,19.412667,38.825334,29.1190005
Stadion Gelora Bung Tomo,-7.268027,112.63066,Galaxy Mall,-7.273925,112.779602,macet,19.412667,77.650668,58.238001
Stadion Gelora Bung Tomo,-7.268027,112.63066,Pakuwon Mall,-7.291418,112.677844,lancar,6.354136,7.624963199999999,6.354136
Stadion Gelora Bung Tomo,-7.268027,112.63066,Pakuwon Mall,-7.291418,112.677844,sedang,6.354136,12.708272,9.531203999999999
Stadion Gelora Bung Tomo,-7.268027,112.63066,Pakuwon Mall,-7.291418,112.677844,macet,6.354136,25.416544,19.062407999999998
